REMITOS,CANTIDAD
1000021739,150
1000021740,188
1000021741,712
1000021742,617
1000021743,409
1000021744,1226
1000021745,321
1000021746,5
1000021747,346
1000021748,70
1000021749,121
1000021750,48
1000021751,234
1000021752,99
1000021753,63
1000021754,238
1000021755,65
1000021756,151
1000021757,180
1000021758,135
1000021759,197
1000021760,177
1000021761,334
1000021762,246
1000021763,294
1000021764,26
1000021765,548
1000021766,1
1000021767,665
1000021768,111
1000021769,118
1000021770,131
1000021771,120
1000021772,113
1000021773,40
1000021775,66
1000021776,100
1000021777,522
1000021778,660
1000021779,47
1000021780,209
1000021781,204
1000021782,121
1000021783,100
1000021784,414
1000021785,23
1000021786,487
1000021787,458
1000021788,23
1000021789,326
1000021790,120
1000021791,156
1000021792,130
1000021793,235
1000021794,154
1000021795,147
1000021796,70
1000021797,172
1000021798,228
1000021799,568
1000021800,188
1000021801,80
1000021802,230
1000021803,151
1000021804,451
1000021805,66
1000021806,450
1000021807,7
1000021808,391
1000021809,10
1000021810,45
1000021811,97
1000021812,78
1000021813,257
1000021814,1423
1000021815,220
1000021816,10
1000021817,680
1000021818,426
1000021819,89
1000021820,166
1000021821,273
1000021822,130
1000021823,217
1000021824,140
1000021825,82
1000021826,564
1000021827,166
1000024001,31
1000024002,1042
1000024003,480
1000024004,189
1000024007,21
1000024008,70
1000024009,6
1000024010,73
1000024011,60
1000024012,40
1000024013,4
1000024014,11
1000024015,379
1000024016,300
1000024017,650
1000024018,78
1000024019,265
1000024020,203
1000024021,96
1000024022,593
1000024023,1088
1000024024,997
1000024025,327
1000024026,202
1000024027,621
1000024028,77
1000024029,417
1000024030,191
1000024031,230
1000024032,88
1000024033,142
1000024034,131
1000024035,233
1000024036,107
1000024037,22
1000024038,137
1000024039,8
1000024040,269
1000024041,22
1000024042,693
1000024043,138
1000024044,8
1000024045,22
1000024046,2352
1000024047,273
1000024048,30
1000024049,12
1000024050,513
1000024051,207
1000024052,321
1000024053,87
1000024054,326
1000024055,243
1000024056,256
1000024057,34
1000024058,59
1000024059,464
1000024060,675
1000024061,1
1000024062,152
1000024063,426
1000024064,87
1000024065,166
1000024066,46
1000024067,725
1000024068,275
1000024069,36
1000024070,76
1000024071,101
1000024072,180
1000024073,8
1000024074,30
1000024075,14
1000024076,105
1000024077,130
1000024078,43
1000024079,60
1000024080,70
1000024081,1088
1000024082,2512
1000024083,198
1000024084,24
1000024085,701
1000024086,76
1000024087,66
1000024088,35
1000024089,212
1000024090,85
1000024091,156
1000024092,198
1000024093,140
1000024094,844
1000024095,95
1000024096,957
1000024097,952
1000024098,254
1000024099,160
1000024100,227
1000024101,150
1000024102,869
1000024103,347
1000024104,40
1000024105,45
1000024106,872
1000024107,267
1000024108,73
1000024109,83
1000024110,148
1000024111,236
1000024112,2439
1000024113,493
1000024114,450
1000024115,102
1000024116,368
1000024117,775
1000024118,100
1000024119,442
1000024120,765
1000024121,439
1000024122,464
1000024123,565
1000024124,506
1000024125,334
1000024126,292
1000024127,195
1000024128,175
1000024129,136
1000024130,177
1000024131,115
1000024132,108
1000024133,55
1000024134,73
1000024135,72
1000024136,50
1000024137,22
1000024138,21
1000024141,117
1000024142,90
1000024143,101
1000024144,90
1000024145,352
1000024146,224
1000024147,175
1000024148,454
1000024149,135
1000024150,3
1000024151,114
1000024152,80
1000024153,30
1000024154,7
1000024155,6
1000024156,60
1000024157,10
1000024158,19
1000024159,244
1000024160,40
1000024161,79
1000024162,80
1000024163,72
1000024164,393
1000024165,301
1000024166,1656
1000024167,237
1000024168,18
1000024169,78
1000024170,530
1000024171,2
1000024172,84
1000024173,100
1000024174,45
1000024175,172
1000024176,10
1000024177,100
1000024178,180
1000024179,652
1000024180,552
1000024181,187
1000024182,48
1000024183,1
1000024184,830
1000024185,460
1000024186,18
1000024187,2
1000024188,572
1000024189,57
1000024190,25
1000024191,66
1000024192,22
1000024193,1
1000024194,105
1000024195,45
1000024196,20
1000024197,20
1000024198,740
1000024199,487
1000024200,277
1000024201,399
1000024202,8
1000024203,416
1000024204,1097
1000024205,300
1000024206,44
1000024207,136
1000024208,586
1000024209,15
1000024210,313
1000024211,75
1000024212,152
1000024213,225
1000024214,99
1000024215,303
1000024216,252
1000024217,216
1000024218,30
1000024219,104
1000024220,108
1000024221,5
1000024222,2322
1000024223,236
1000024224,657
1000024225,42
1000024226,511
1000024227,112
1000024228,292
1000024229,95
1000024230,20
1000024231,110
1000024232,238
1000024233,82
1000024234,24
1000024235,5
1000024236,24
1000024237,10
1000024238,340
1000024239,137
1000024240,235
1000024241,108
1000024242,687
1000024243,89
1000024244,60
1000024245,40
1000024246,786
1000024247,178
1000024248,188
1000024250,297
1000024251,180
1000024252,49
1000024253,212
1000024254,1305
1000024255,693
1000024256,772
1000024257,952
1000024258,289
1000024259,5
1000024260,103
1000024261,1203
1000024262,462
1000024263,223
1000024264,10
1000024265,40
1000024266,118
1000024267,150
1000024268,24
1000024269,77
1000024270,48
1000024271,963
1000024272,228
1000024273,98
1000024274,110
1000024275,742
1000024276,42
1000024277,26
1000024278,20
1000024279,53
1000024280,315
1000024281,294
1000024282,49
1000024283,125
1000024284,145
1000024285,25
1000024286,98
1000024287,357
1000024288,505
1000024289,1499
1000024290,336
1000024291,430
1000024292,1400
1000024293,52
1000024294,43
1000024295,883
1000024296,59
1000024297,60
1000024298,66
1000024299,8
1000024300,495
1000024301,30
1000024302,126
1000024303,4
1000024304,292
1000024305,150
1000024306,680
1000024307,85
1000024309,32
1000024310,13
1000024311,40
1000024312,12
1000024313,418
1000024314,238
1000024315,41
1000024316,121
1000024317,63
1000024318,808
1000024319,1197
1000024320,176
1000024321,96
1000024322,128
1000024323,10
1000024324,132
1000024325,65
1000024326,84
1000024327,449
1000024328,18
1000024329,12
1000024330,24
1000024331,536
1000024332,105
1000024333,151
1000024334,46
1000024335,1040
1000024336,350
1000024337,44
1000024338,128
1000024339,30
1000024340,60
1000024341,195
1000024342,168
1000024343,21
1000024344,206
1000024345,102
1000024346,130
1000024347,70
1000024348,14
1000024349,88
1000024350,70
1000024351,164
1000024352,27
1000024353,102
1000024354,183
1000024355,562
1000024356,1020
1000024357,1301
1000024358,72
1000024359,70
1000024360,598
1000024361,473
1000024362,180
1000024363,667
1000024364,362
1000024365,159
1000024366,110
1000024367,204
1000024368,48
1000024369,100
1000024370,267
1000024371,132
1000024372,60
1000024373,99
1000024374,471
1000024375,294
1000024376,108
1000024377,67
1000024378,560
1000024379,154
1000024380,78
1000024381,81
1000024382,311
1000024383,1
1000024384,55
1000024385,580
1000024386,314
1000024387,238
1000024388,40
1000024389,37
1000024390,298
1000024391,26
1000024392,10
1000024393,12
1000024394,1225
1000024395,54
1000024396,248
1000024397,120
1000024398,8
1000024399,48
1000024400,1088
1000024401,50
1000024402,309
1000024403,368
1000024404,206
1000024405,20
1000024406,705
1000024407,912
1000024408,162
1000024409,24
1000024410,295
1000024411,269
1000024412,600
1000024413,151
1000024414,238
1000024415,1145
1000024416,928
1000024417,814
1000024418,80
1000024419,196
1000024420,110
1000024421,128
1000024422,53
1000024423,19
1000024424,1199
1000024425,666
1000024426,228
1000024427,53
1000024428,706
1000024429,476
1000024430,179
1000024431,32
1000024432,486
1000024433,269
1000024434,42
1000024435,109
1000024436,60
1000024437,4
1000024438,3
1000024439,409
1000024440,144
1000024441,160
1000024442,30
1000024443,111
1000024444,1191
1000024445,449
1000024446,379
1000024447,108
1000024448,145
1000024449,60
1000024450,159
1000024451,3344
1000024452,253
1000024453,9
1000024454,20
1000024455,5
1000024456,62
1000024457,460
1000024458,44
1000024459,12
1000024460,707
1000024461,54
1000024462,244
1000024463,300
1000024464,556
1000024465,362
1000024466,546
1000024467,265
1000024468,81
1000024469,39
1000024470,27
1000024471,84
1000024472,100
1000024473,44
1000024474,8
1000024475,63
1000024476,106
1000024477,40
1000024478,94
1000024479,90
1000024480,51
1000024481,74
1000024482,118
1000024483,27
1000024484,47
1000024485,42
1000024486,40
1000024487,15
1000024488,70
1000024489,46
1000024490,55
1000024491,42
1000024492,264
1000024493,102
1000024494,6
1000024495,46
1000024496,114
1000024497,33
1000024498,599
1000024499,428
1000024500,170
1000024501,272
1000024502,359
1000024503,101
1000024504,38
1000024505,8419
1000024506,6
1000024507,965
1000024508,252
1000024509,3137
1000024510,271
1000024511,591
1000024512,175
1000024513,340
1000024514,528
1000024515,3
1000024516,293
1000024517,156
1000024518,61
1000024519,72
1000024520,5
1000024521,84
1000024522,23
1000024523,18
1000024524,17
1000024525,22
1000024526,342
1000024527,76
1000024528,1023
1000024529,902
1000024530,826
1000024531,1
1000024532,509
1000024533,194
1000024534,129
1000024535,32
1000024536,2474
1000024537,14
1000024538,177
1000024539,204
1000024540,29
1000024541,30
1000024542,67
1000024543,102
1000024544,119
1000024545,44
1000024546,90
1000024547,2639
1000024548,942
1000024549,23
1000024550,750
1000024551,328
1000024552,83
1000024553,114
1000024554,59
1000024555,69
1000024556,3
1000024557,14
1000024558,30
1000024559,9
1000024560,144
1000024561,1121
1000024562,102
1000024563,83
1000024564,16
1000024565,3
1000024566,50
1000024567,54
1000024568,96
1000024569,215
1000024570,5
1000024571,35
1000024572,126
1000024573,84
1000024574,120
1000024575,118
1000024576,40
1000024577,144
1000024578,3
1000024579,4
1000024580,16
1000024581,3
1000024582,1712
1000024583,301
1000024584,566
1000024585,136
1000024586,205
1000024587,39
1000024588,287
1000024589,45
1000024590,150
1000024591,30
1000024592,7
1000024593,97
1000024594,40
1000024595,10
1000024596,6
1000024597,55
1000024598,8
1000024599,748
1000024600,174
1000024601,10
1000024602,330
1000024603,21
1000024604,3
1000024605,551
1000024606,144
1000024607,63
1000024608,495
1000024609,127
1000024610,50
1000024611,160
1000024612,18
1000024613,1089
1000024614,668
1000024615,474
1000024616,232
1000024617,88
1000024618,25
1000024619,433
1000024620,503
1000024621,52
1000024623,142
1000024624,57
1000024625,20
1000024626,77
1000024627,35
1000024628,61
1000024629,20
1000024630,491
1000024631,64
1000024633,72
1000024634,60
1000024635,1160
1000024636,41
1000024637,30
1000024638,41
1000024639,31
1000024640,228
1000024641,30
1000024642,115
1000024643,204
1000024644,161
1000024645,100
1000024646,80
1000024647,65
1000024648,35
1000024649,100
1000024650,20
1000024651,21
1000024652,50
1000024653,38
1000024654,813
1000024656,197
1000024657,125
1000024658,172
1000024659,73
1000024660,99
1000024661,84
1000024662,60
1000024663,53
1000024664,217
1000024665,60
1000024666,191
1000024667,37
1000024668,43
1000024669,124
1000024670,45
1000024671,93
1000024672,97
1000024673,78
1000024674,104
1000024675,303
1000024676,53
1000024677,240
1000024678,181
1000024679,33
1000024680,124
1000024681,268
1000024682,39
1000024683,26
1000024684,177
1000024685,273
1000024686,274
1000024687,104
1000024688,192
1000024689,29
1000024690,294
1000024691,140
1000024692,44
1000024693,10
1000024694,74
1000024695,454
1000024696,87
1000024697,26
1000024698,128
1000024699,270
1000024700,3
1000024701,41
1000024702,3
1000024703,61
1000024704,33
1000024705,38
1000024706,195
1000024707,194
1000024708,119
1000024709,203
1000024710,266
1000024711,41
1000024712,183
1000024713,292
1000024714,176
1000024715,104
1000024716,55
1000024717,52
1000024718,2
1000024719,40
1000024720,8
1000024721,41
1000024722,310
1000024723,514
1000024724,550
1000024725,109
1000024726,233
1000024727,418
1000024728,184
1000024729,310
1000024730,5
1000024731,626
1000024732,111
1000024733,189
1000024734,186
1000024735,78
1000024736,55
1000024737,53
1000024738,189
1000024739,48
1000024740,148
1000024741,24
1000024742,686
1000024743,293
1000024744,998
1000024745,178
1000024746,323
1000024747,10
1000024748,4
1000024749,198
1000024750,94
1000024751,332
1000024752,188
1000024753,134
1000024754,711
1000024755,103
1000024756,267
1000024757,104
1000024758,20
1000024759,67
1000024760,145
1000024761,168
1000024762,86
1000024763,52
1000024764,66
1000024765,35
1000024766,274
1000024767,278
1000024768,726
1000024769,165
1000024770,262
1000024771,297
1000024772,829
1000024773,166
1000024774,366
1000024776,162
1000024777,507
1000024778,27
1000024779,14
1000024780,145
1000024781,19
1000024782,99
1000024783,206
1000024784,112
1000024785,10
1000024786,114
1000024787,205
1000024788,157
1000024789,167
1000024790,292
1000024791,41
1000024792,48
1000024793,458
1000024794,152
1000024795,14
1000024796,39
1000024797,189
1000024798,76
1000024799,165
1000024800,27
1000024801,174
1000024802,60
1000024803,7
1000024804,61
1000024805,340
1000024806,436
1000024807,180
1000024808,110
1000024809,144
1000024810,62
1000024811,129
1000024812,6575
1000024813,523
1000024814,220
1000024815,42
1000024816,40
1000024817,299
1000024818,83
1000024819,909
1000024820,26
1000024821,275
1000024822,341
1000024823,30
1000024824,339
1000024825,52
1000024826,382
1000024827,1303
1000024828,1004
1000024829,633
1000024830,275
1000024831,154
1000024832,170
1000024833,237
1000024834,542
1000024835,217
1000024836,497
1000024837,349
1000024838,50
1000024839,97
1000024840,30
1000024841,8
1000024842,190
1000024843,43
1000024844,8
1000024845,155
1000024846,40
1000024847,17
1000024848,1
1000024849,23
1000024850,311
1000024851,30
1000024852,57
1000024853,296
1000024854,692
1000024855,510
1000024856,91
1000024857,191
1000024858,517
1000024859,1270
1000024860,34
1000024861,71
1000024862,375
1000024863,300
1000024864,598
1000024865,904
1000024866,80
1000024867,182
1000024868,28
1000024869,164
1000024870,69
1000024871,135
1000024872,50
1000024873,242
1000024874,10
1000024875,50
1000024876,160
1000024877,124
1000024878,53
1000024879,20
1000024880,195
1000024881,184
1000024882,333
1000024883,1018
1000024884,441
1000024885,783
1000024886,1108
1000024887,115
1000024888,240
1000024889,190
1000024890,48
1000024891,689
1000024892,121
1000024893,836
1000024894,8
1000024895,112
1000024896,319
1000024897,117
1000024898,300
1000024899,174
1000024900,360
1000024901,228
1000024902,135
1000024903,149
1000024904,56
1000024905,282
1000024906,147
1000024907,46
1000024908,102
1000024909,32
1000024910,40
1000024911,132
1000024913,6
1000024914,43
1000024915,31
1000024916,231
1000024917,644
1000024918,758
1000024919,314
1000024920,138
1000024921,198
1000024922,297
1000024923,90
1000024924,90
1000024925,45
1000024926,36
1000024927,119
1000024928,178
1000024929,7
1000024930,53
1000024931,20
1000024932,37
1000024933,97
1000024934,152
1000024935,69
1000024936,93
1000024937,41
1000024938,211
1000024939,88
1000024940,212
1000024941,347
1000024942,80
1000024943,316
1000024944,24
1000024945,172
1000024946,131
1000024947,146
1000024948,142
1000024949,139
1000024950,93
1000024951,6
1000024952,344
1000024953,379
1000024954,120
1000024955,77
1000024956,47
1000024957,100
1000024958,27
1000024959,149
1000024960,3
1000024961,32
1000024962,22
1000024963,40
1000024964,46
1000024965,60
1000024966,40
1000024967,100
1000024968,96
1000024969,14
1000024970,28
1000024971,90
1000024972,318
1000024973,81
1000024974,110
1000024976,867
1000024977,83
1000024978,72
1000024979,147
1000024980,4
1000024981,82
1000024982,9
1000024983,44
1000024984,60
1000024985,2
1000024986,44
1000024987,140
1000024988,2100
1000024989,347
1000024990,417
1000024991,93
1000024992,40
1000024993,36
1000024994,8
1000024995,13
1000024996,244
1000024998,285
1000024999,465
1000025000,24
1000025001,90
1000025002,66
1000025003,20
1000025004,251
1000025006,48
1000025007,120
1000025008,120
1000025009,120
1000025010,240
1000025011,7
1000025012,936
1000025013,4
1000025014,69
1000025015,120
1000025016,1078
1000025017,31
1000025018,684
1000025019,168
1000025020,232
1000025021,70
1000025022,80
1000025023,72
1000025024,90
1000025025,1311
1000025026,411
1000025027,652
1000025028,76
1000025029,269
1000025030,65
1000025031,16
1000025032,68
1000025033,67
1000025034,18
1000025035,5
1000025036,15
1000025037,490
1000025038,66
1000025039,143
1000025040,35
1000025041,120
1000025042,487
1000025043,70
1000025044,115
1000025045,66
1000025046,208
1000025047,1379
1000025048,290
1000025049,674
1000025050,140
1000025051,267
1000025052,106
1000025053,90
1000025054,310
1000025055,18
1000025056,32
1000025057,136
1000025058,128
1000025059,4
1000025060,60
1000025061,4128
1000025062,276
1000025063,4632
1000025064,584
1000025065,49
1000025066,251
1000025067,104
1000025068,81
1000025069,44
1000025070,51
1000025071,66
1000025072,2170
1000025073,1008
1000025074,855
1000025075,1752
1000025076,302
1000025077,30
1000025078,1759
1000025079,516
1000025080,267
1000025081,284
1000025082,334
1000025083,315
1000025084,420
1000025085,991
1000025086,1040
1000025087,764
1000025088,830
1000025089,2
1000025090,1111
1000025091,1640
1000025092,697
1000025093,598
1000025094,20
1000025095,812
1000025096,114
1000025097,441
1000025098,116
1000025099,644
1000025100,922
1000025101,806
1000025102,630
1000025103,288
1000025104,437
1000025105,80
1000025106,39
1000025107,32
1000025108,92
1000025109,27
1000025110,136
1000025111,167
1000025112,7
1000025113,409
1000025114,35
1000025115,176
1000025116,159
1000025117,304
1000025118,277
1000025119,20
1000025120,7
1000025121,303
1000025122,290
1000025123,1884
1000025124,4
1000025125,12
1000025126,216
1000025127,131
1000025128,349
1000025129,335
1000025130,504
1000025131,179
1000025132,265
1000025133,30
1000025134,4
1000025135,318
1000025136,470
1000025137,260
1000025138,184
1000025139,96
1000025140,202
1000025141,122
1000025142,18
1000025143,64
1000025144,40
1000025145,37
1000025146,243
1000025147,95
1000025148,50
1000025149,64
1000025150,21
1000025151,70
1000025152,92
1000025153,165
1000025154,573
1000025155,3
1000025156,296
1000025157,1999
1000025158,51
1000025159,165
1000025160,97
1000025161,281
1000025162,76
1000025163,1128
1000025164,273
1000025165,128
1000025166,162
1000025167,244
1000025168,4
1000025169,405
1000025170,386
1000025171,121
1000025172,146
1000025173,88
1000025174,135
1000025175,175
1000025176,88
1000025177,102
1000025178,330
1000025179,494
1000025180,15
1000025181,380
1000025182,901
1000025183,110
1000025184,238
1000025185,319
1000025186,175
1000025187,129
1000025188,100
1000025189,37
1000025190,166
1000025191,135
1000025192,153
1000025193,928
1000025194,710
1000025195,200
1000025196,146
1000025197,160
1000025198,142
1000025199,200
1000025200,230
1000025201,367
1000025202,130
1000025203,257
1000025204,117
1000025205,190
1000025206,200
1000025207,95
1000025208,221
1000025209,254
1000025210,59
1000025211,38
1000025212,56
1000025213,6
1000025214,11
1000025215,193
1000025216,60
1000025217,4
1000025218,325
1000025219,52
1000025220,42
1000025221,16
1000025222,155
1000025223,177
1000025224,6
1000025225,156
1000025226,575
1000025227,144
1000025228,244
1000025229,565
1000025230,263
1000025231,411
1000025232,191
1000025233,339
1000025234,566
1000025235,166
1000025236,279
1000025237,86
1000025238,95
1000025239,186
1000025240,79
1000025241,86
1000025242,192
1000025243,32
1000025244,58
1000025245,120
1000025246,130
1000025247,41
1000025248,111
1000025249,142
1000025250,81
1000025251,158
1000025252,63
1000025253,490
1000025254,66
1000025255,121
1000025256,83
1000025257,202
1000025258,94
1000025259,91
1000025260,126
1000025261,35
1000025262,70
1000025263,6
1000025264,11
1000025265,46
1000025266,59
1000025267,160
1000025268,4
1000025269,30
1000025270,112
1000025271,90
1000025272,22
1000025273,62
1000025274,52
1000025275,13
1000025276,71
1000025277,60
1000025278,144
1000025279,38
1000025280,45
1000025281,30
1000025282,144
1000025283,30
1000025284,44
1000025285,25
1000025286,42
1000025287,45
1000025288,47
1000025289,52
1000025290,870
1000025291,1650
1000025292,360
1000025293,200
1000025294,201
1000025295,74
1000025296,117
1000025297,114
1000025298,281
1000025299,153
1000025300,685
1000025301,1747
1000025302,1157
1000025303,154
1000025304,2196
1000025305,399
1000025306,287
1000025307,326
1000025308,454
1000025309,361
1000025310,326
1000025311,24
1000025312,1314
1000025313,339
1000025314,231
1000025315,90
1000025316,145
1000025317,29
1000025318,90
1000025319,168
1000025320,75
1000025321,76
1000025322,102
1000025323,152
1000025324,386
1000025325,860
1000025326,398
1000025327,4
1000025328,104
1000025329,136
1000025330,62
1000025331,93
1000025332,60
1000025333,90
1000025334,35
1000025335,48
1000025337,25
1000025338,4392
1000025339,950
1000025340,110
1000025341,170
1000025342,40
1000025343,59
1000025344,40
1000025345,34
1000025346,21
1000025347,80
1000025348,20
1000025349,32
1000025350,396
1000025351,107
1000025352,66
1000025353,50
1000025354,15
1000025355,15
1000025356,25
1000025357,1704
1000025358,627
1000025359,132
1000025360,1150
1000025361,295
1000025362,288
1000025363,140
1000025364,66
1000025365,257
1000025366,83
1000025367,90
1000025368,29
1000025369,43
1000025370,23
1000025371,390
1000025372,290
1000025373,42
1000025374,108
1000025375,231
1000025376,108
1000025377,98
1000025378,222
1000025379,66
1000025380,176
1000025381,104
1000025382,20
1000025383,22
1000025384,9
1000025385,18
1000025386,68
1000025387,3
1000025388,50
1000025389,37
1000025390,22
1000025391,36
1000025392,887
1000025393,3
1000025394,363
1000025395,3
1000025396,339
1000025397,78
1000025398,61
1000025399,57
1000025400,42
1000025401,211
1000025402,230
1000025403,26
1000025404,40
1000025405,48
1000025406,264
1000025407,119
1000025408,96
1000025409,82
1000025412,314
1000025413,11
1000025414,630
1000025415,2
1000025416,26
1000025417,40
1000025418,6
1000025419,54
1000025420,96
1000025421,309
1000025422,101
1000025423,40
1000025424,24
1000025425,39
1000025426,39
1000025427,15
1000025428,74
1000025429,10
1000025430,34
1000025431,36
1000025432,100
1000025433,10
1000025434,10
1000025435,93
1000025436,40
1000025437,70
1000025438,913
1000025439,118
1000025440,82
1000025441,50
1000025442,7
1000025443,7
1000025444,4
1000025445,5
1000025446,20
1000025447,23
1000025448,145
1000025449,30
1000025450,16
1000025451,3
1000025452,124
1000025453,40
1000025454,1035
1000025455,3427
1000025456,933
1000025457,132
1000025458,279
1000025459,135
1000025460,286
1000025461,272
1000025462,5
1000025463,589
1000025464,575
1000025465,438
1000025466,450
1000025467,28
1000025468,349
1000025469,315
1000025470,100
1000025471,170
1000025472,50
1000025473,112
1000025474,30
1000025475,1450
1000025476,370
1000025477,2087
1000025478,788
1000025479,2165
1000025480,1779
1000025481,348
1000025482,386
1000025483,383
1000025484,560
1000025485,508
1000025486,2102
1000025487,10
1000025488,87
1000025489,86
1000025490,104
1000025491,383
1000025492,38
1000025493,56
1000025494,4
1000025495,1522
1000025496,601
1000025497,1790
1000025498,100
1000025499,96
1000025500,1216
1000025501,352
1000025502,31
1000025503,354
1000025504,324
1000025505,296
1000025506,73
1000025507,160
1000025508,6
1000025509,219
1000025510,647
1000025511,161
1000025512,345
1000025513,108
1000025514,1017
1000025515,440
1000025516,44
1000025517,146
1000025518,146
1000025519,268
1000025520,94
1000025521,140
1000025522,34
1000025523,195
1000025524,111
1000025525,40
1000025526,238
1000025527,213
1000025529,308
1000025530,100
1000025531,49
1000025532,92
1000025533,64
1000025534,77
1000025535,254
1000025536,19
1000025537,396
1000025538,398
1000025539,245
1000025540,326
1000025541,1579
1000025542,993
1000025543,36
1000025544,252
1000025545,1178
1000025547,304
1000025548,600
1000025549,332
1000025550,660
1000025551,624
1000025552,209
1000025553,350
1000025554,420
1000025555,316
1000025556,112
1000025557,302
1000025558,264
1000025559,8
1000025560,199
1000025561,120
1000025562,252
1000025563,135
1000025564,20
1000025566,17
1000025567,98
1000025568,930
1000025569,120
1000025570,149
1000025571,60
1000025572,332
1000025573,180
1000025574,217
1000025575,92
1000025576,88
1000025577,490
1000025578,1268
1000025579,786
1000025580,545
1000025581,159
1000025582,270
1000025583,90
1000025584,266
1000025585,158
1000025586,40
1000025587,52
1000025588,610
1000025589,97
1000025590,507
1000025591,197
1000025592,121
1000025593,28
1000025594,80
1000025595,54
1000025596,106
1000025597,101
1000025598,362
1000025599,137
1000025600,38
1000025601,30
1000025602,80
1000025603,65
1000025604,120
1000025605,12
1000025606,1955
1000025607,48
1000025608,1093
1000025610,296
1000025611,399
1000025612,128
1000025613,300
1000025614,177
1000025615,24
1000025616,88
1000025617,8
1000025618,28
1000025620,30
1000025621,291
1000025622,31
1000025623,360
1000025624,323
1000025625,68
1000025626,188
1000025627,124
1000025628,192
1000025629,20
1000025630,30
1000025631,3
1000025632,57
1000025633,210
1000025635,42
1000025636,402
1000025637,122
1000025638,232
1000025639,200
1000025640,186
1000025641,60
1000025642,50
1000025643,16
1000025644,100
1000025645,40
1000025646,9
1000025647,434
1000025648,22
1000025649,100
1000025650,818
1000025651,84
1000025652,152
1000025653,67
1000025654,135
1000025655,60
1000025656,50
1000025657,50
1000025658,5
1000025659,9
1000025660,54
1000025661,262
1000025662,271
1000025663,480
1000025664,60
1000025665,93
1000025666,130
1000025667,6
1000025668,762
1000025670,20
1000025671,20
1000025672,16
1000025673,520
1000025674,150
1000025675,152
1000025676,1
1000025677,80
1000025678,50
1000025679,31
1000025680,70
1000025681,120
1000025682,306
1000025683,131
1000025684,594
1000025685,109
1000025686,38
1000025687,165
1000025688,83
1000025690,52
1000025691,47
1000025692,424
1000025694,256
1000025695,86
1000025696,412
1000025697,225
1000025699,290
1000025701,60
1000025702,50
1000025703,160
1000025704,366
1000025705,1909
1000025706,1339
1000025707,77
1000025708,614
1000025709,197
1000025710,123
1000025711,15
1000025712,155
1000025713,27
1000025714,450
1000025715,577
1000025716,929
1000025717,1536
1000025718,467
1000025719,194
1000025720,1452
1000025721,110
1000025722,213
1000025723,111
1000025724,128
1000025725,258
1000025726,80
1000025727,10
1000025728,90
1000025729,545
1000025730,224
1000025731,110
1000025732,32
1000025733,7
1000025734,402
1000025735,300
1000025736,451
1000025738,53
1000025739,123
1000025740,75
1000025741,40
1000025742,375
1000025743,172
1000025745,307
1000025746,95
1000025747,102
1000025748,27
1000025749,648
1000025750,320
1000025751,94
1000025752,306
1000025753,290
1000025754,62
1000025755,176
1000025756,32
1000025757,222
1000025758,140
1000025759,279
1000025760,631
1000025761,607
1000025762,262
1000025763,345
1000025764,5
1000025765,987
1000025766,594
1000025767,126
1000025768,14
1000025769,406
1000025770,119
1000025771,708
1000025773,410
1000025774,855
1000025775,349
1000025776,371
1000025777,253
1000025778,188
1000025779,671
1000025780,500
1000025781,20
1000025782,220
1000025783,240
1000025784,198
1000025785,393
1000025786,155
1000025787,623
1000025788,102
1000025789,80
1000025790,419
1000025791,401
1000025792,310
1000025793,152
1000025794,133
1000025795,32
1000025796,172
1000025797,167
1000025798,231
1000025799,225
1000025800,198
1000025801,619
1000025802,338
1000025803,195
1000025804,170
1000025805,62
1000025806,100
1000025807,142
1000025808,240
1000025809,280
1000025810,173
1000025811,108
1000025812,2
1000025813,90
1000025814,111
1000025815,130
1000025816,138
1000025817,108
1000025818,57
1000025819,92
1000025820,110
1000025821,40
1000025822,20
1000025823,89
1000025824,120
1000025825,71
1000025826,85
1000025827,30
1000025828,40
1000025829,100
1000025830,75
1000025831,45
1000025832,160
1000025833,52
1000025834,159
1000025835,77
1000025836,131
1000025837,43
1000025838,87
1000025839,12
1000025840,12
1000025841,150
1000025842,45
1000025843,70
1000025844,110
1000025846,1020
1000025847,24
1000025849,241
1000025850,2068
1000025851,47
1000025852,705
1000025853,215
1000025854,76
1000025855,312
1000025856,526
1000025857,689
1000025858,123
1000025859,389
1000025860,41
1000025861,1870
1000025862,320
1000025863,167
1000025864,174
1000025865,40
1000025866,244
1000025867,204
1000025868,145
1000025869,170
1000025870,514
1000025871,209
1000025872,251
1000025873,79
1000025874,122
1000025875,504
1000025876,112
1000025877,132
1000025878,76
1000025879,218
1000025880,162
1000025881,221
1000025882,155
1000025883,262
1000025884,150
1000025885,60
1000025886,39
1000025887,62
1000025888,40
1000025889,134
1000025890,116
1000025891,595
1000025892,473
1000025893,508
1000025894,428
1000025895,408
1000025896,51
1000025897,541
1000025898,243
1000025899,279
1000025900,234
1000025901,87
1000025902,91
1000025903,99
1000025904,184
1000025905,76
1000025906,24
1000025907,10
1000025908,160
1000025909,181
1000025910,40
1000025911,70
1000025912,80
1000025913,19
1000025914,41
1000025915,30
1000025916,70
1000025917,880
1000025918,1008
1000025919,300
1000025920,60
1000025921,407
1000025922,194
1000025923,7
1000025924,9
1000025925,224
1000025926,26
1000025927,155
1000025928,122
1000025929,275
1000025930,260
1000025931,190
1000025932,140
1000025933,96
1000025934,700
1000025935,954
1000025936,1109
1000025937,1032
1000025938,508
1000025939,863
1000025940,56
1000025942,344
1000025943,32
1000025944,662
1000025945,16
1000025946,15
1000025947,16
1000025948,17
1000025949,140
1000025950,150
1000025951,234
1000025952,96
1000025953,91
1000025954,115
1000025955,38
1000025956,755
1000025957,652
1000025958,575
1000025960,98
1000025961,14
1000025962,917
1000025963,101
1000025964,864
1000025965,1662
1000025966,206
1000025967,525
1000025968,561
1000025969,241
1000025970,328
1000025971,160
1000025972,269
1000025973,360
1000025974,471
1000025975,246
1000025976,32
1000025977,6
1000025978,50
1000025979,30
1000025980,275
1000025981,126
1000025982,167
1000025983,60
1000025984,72
1000025985,2024
1000025986,1324
1000025987,770
1000025988,220
1000025989,189
1000025990,177
1000025991,316
1000025992,199
1000025993,57
1000025994,191
1000025995,40
1000025996,61
1000025997,14
1000025998,6972
1000025999,159
1000026000,122
1000026001,807
1000026002,494
1000026003,1054
1000026004,1915
1000026005,55
1000026006,175
1000026007,110
1000026008,28
1000026009,648
1000026010,989
1000026011,2138
1000026012,24
1000026013,844
1000026014,12
1000026015,951
1000026016,1796
1000026017,74
1000026018,495
1000026019,842
1000026020,253
1000026021,159
1000026022,175
1000026023,162
1000026024,18
1000026025,23
1000026026,82
1000026027,178
1000026028,241
1000026029,20
1000026030,68
1000026031,1034
1000026032,18
1000026033,267
1000026034,516
1000026035,314
1000026036,128
1000026037,210
1000026038,75
1000026039,20
1000026040,388
1000026041,345
1000026042,570
1000026043,407
1000026044,111
1000026045,480
1000026046,162
1000026047,163
1000026048,4
1000026049,169
1000026050,325
1000026051,7
1000026054,149
1000026055,138
1000026056,122
1000026057,37
1000026059,142
1000026060,145
1000026061,126
1000026062,117
1000026063,209
1000026064,154
1000026065,10
1000026066,24
1000026067,157
1000026068,113
1000026069,2
1000026070,229
1000026071,74
1000026072,89
1000026073,41
1000026074,20
1000026075,12
1000026076,18
1000026077,340
1000026078,57
1000026079,33
1000026080,80
1000026081,2
1000026082,43
1000026083,38
1000026084,49
1000026085,300
1000026086,128
1000026087,5
1000026088,18
1000026089,38
1000026090,40
1000026091,7
1000026092,37
1000026093,25
1000026094,20
1000026095,4
1000026096,4
1000026097,34
1000026098,42
1000026099,10
1000026100,30
1000026101,55
1000026102,34
1000026103,177
1000026104,171
1000026105,260
1000026106,181
1000026107,1300
1000026108,1040
1000026109,688
1000026110,481
1000026111,234
1000026112,124
1000026113,1170
1000026114,1170
1000026115,312
1000026116,182
1000026117,11
1000026118,437
1000026119,63
1000026120,292
1000026121,502
1000026122,142
1000026123,684
1000026124,210
1000026125,8
1000026126,256
1000026127,785
1000026128,297
1000026129,386
1000026130,312
1000026131,63
1000026132,202
1000026133,111
1000026134,94
1000026135,109
1000026136,167
1000026137,5
1000026138,19
1000026139,12
1000026140,10
1000026141,29
1000026142,38
1000026143,42
1000026144,46
1000026145,15
1000026146,60
1000026147,41
1000026148,24
1000026149,463
1000026150,1200
1000026151,132
1000026154,100
1000026155,1
1000026156,18
1000026157,10
1000026158,85
1000026159,2
1000026160,20
1000026161,102
1000026162,387
1000026163,960
1000026164,284
1000026165,630
1000026166,1342
1000026167,498
1000026168,232
1000026169,147
1000026170,565
1000026171,10
1000026172,371
1000026173,314
1000026174,60
1000026175,190
1000026176,24
1000026177,87
1000026178,84
1000026179,10
1000026180,270
1000026181,460
1000026182,1121
1000026183,741
1000026184,82
1000026185,374
1000026186,1144
1000026187,724
1000026188,720
1000026189,344
1000026190,30
1000026191,277
1000026192,985
1000026193,119
1000026194,4
1000026195,497
1000026196,255
1000026197,280
1000026198,163
1000026199,10
1000026200,100
1000026201,308
1000026202,644
1000026203,158
1000026204,67
1000026205,400
1000026206,696
1000026207,56
1000026208,102
1000026209,40
1000026210,142
1000026211,20
1000026212,11
1000026213,5
1000026214,565
1000026215,98
1000026216,102
1000026217,181
1000026218,116
1000026219,488
1000026220,245
1000026221,285
1000026222,801
1000026223,55
1000026224,43
1000026225,36
1000026226,300
1000026227,2
1000026228,790
1000026229,290
1000026230,204
1000026231,99
1000026232,203
1000026233,110
1000026234,114
1000026235,133
1000026236,4
1000026237,2
1000026238,35
1000026239,50
1000026240,81
1000026241,3
1000026242,195
1000026243,40
1000026244,26
1000026245,10
1000026246,26
1000026247,11
1000026248,24
1000026249,726
1000026250,1132
1000026251,262
1000026252,229
1000026253,127
1000026254,93
1000026255,1020
1000026256,1240
1000026257,320
1000026258,305
1000026259,1084
1000026260,308
1000026261,79
1000026262,383
1000026263,304
1000026264,201
1000026265,63
1000026266,397
1000026267,73
1000026268,394
1000026269,78
1000026270,756
1000026271,376
1000026272,123
1000026273,674
1000026274,55
1000026275,381
1000026276,784
1000026277,26
1000026278,571
1000026279,496
1000026280,350
1000026281,94
1000026282,687
1000026283,104
1000026284,66
1000026285,39
1000026286,49
1000026287,52
1000026288,625
1000026289,1632
1000026290,431
1000026291,986
1000026292,439
1000026293,344
1000026294,48
1000026295,336
1000026296,186
1000026297,110
1000026298,161
1000026299,240
1000026300,144
1000026301,50
1000026302,33
1000026303,48
1000026304,68
1000026305,2
1000026306,609
1000026307,211
1000026308,543
1000026309,1246
1000026310,266
1000026311,213
1000026312,2
1000026313,230
1000026314,50
1000026315,846
1000026316,167
1000026317,132
1000026318,159
1000026319,88
1000026320,26
1000026321,296
1000026322,124
1000026323,1274
1000026324,983
1000026325,194
1000026326,618
1000026327,987
1000026328,418
1000026329,114
1000026330,60
1000026331,111
1000026332,141
1000026333,12
1000026334,340
1000026335,115
1000026336,38
1000026337,8
1000026338,21
1000026339,36
1000026340,33
1000026341,438
1000026342,106
1000026343,155
1000026344,128
1000026345,155
1000026346,4
1000026347,118
1000026348,86
1000026349,245
1000026350,208
1000026351,255
1000026352,85
1000026353,87
1000026354,56
1000026355,108
1000026356,44
1000026357,267
1000026358,112
1000026359,33
1000026360,867
1000026361,190
1000026362,185
1000026363,189
1000026364,110
1000026365,110
1000026366,29
1000026367,15
1000026368,304
1000026369,925
1000026370,845
1000026371,382
1000026372,63
1000026373,305
1000026374,252
1000026375,6
1000026376,15
1000026377,174
1000026378,57
1000026379,365
1000026380,257
1000026381,190
1000026382,84
1000026383,45
1000026384,72
1000026385,248
1000026386,84
1000026387,22
1000026388,108
1000026389,60
1000026390,100
1000026391,112
1000026392,104
1000026393,448
1000026394,321
1000026395,196
1000026396,79
1000026397,440
1000026398,120
1000026399,179
1000026400,358
1000026401,276
1000026402,166
1000026403,111
1000026404,296
1000026405,314
1000026406,943
1000026407,400
1000026408,101
1000026409,10
1000026410,84
1000026411,84
1000026412,96
1000026413,96
1000026414,55
1000026415,220
1000026416,316
1000026417,322
1000026418,70
1000026419,287
1000026420,520
1000026421,360
1000026422,371
1000026423,130
1000026424,108
1000026425,40
1000026426,100
1000026427,57
1000026428,35
1000026429,70
1000026430,463
1000026431,114
1000026432,438
1000026433,298
1000026434,440
1000026435,281
1000026436,270
1000026437,123
1000026438,98
1000026439,76
1000026440,2
1000026441,151
1000026442,1
1000026443,226
1000026444,230
1000026445,613
1000026446,68
1000026447,1279
1000026448,1042
1000026449,703
1000026450,251
1000026451,13
1000026453,70
1000026454,119
1000026455,110
1000026456,250
1000026457,1248
1000026458,633
1000026459,528
1000026460,290
1000026461,112
1000026462,1800
1000026463,700
1000026464,294
1000026465,264
1000026466,197
1000026467,332
1000026468,70
1000026469,146
1000026470,26
1000026471,51
1000026472,50
1000026473,53
1000026474,50
1000026475,199
1000026476,62
1000026477,1
1000026478,126
1000026479,357
1000026480,324
1000026481,84
1000026482,162
1000026483,154
1000026484,118
1000026485,139
1000026486,120
1000026487,90
1000026488,30
1000026489,1045
1000026490,472
1000026491,1005
1000026492,846
1000026493,531
1000026494,320
1000026495,155
1000026496,90
1000026497,877
1000026498,177
1000026499,617
1000026500,170
1000026501,520
1000026502,318
1000026503,120
1000026504,734
1000026505,276
1000026506,774
1000026507,703
1000026508,821
1000026509,1094
1000026510,63
1000026511,855
1000026512,1092
1000026513,579
1000026514,1415
1000026515,481
1000026516,177
1000026517,201
1000026518,170
1000026519,100
1000026520,34
1000026521,235
1000026522,218
1000026523,194
1000026524,170
1000026525,334
1000026526,121
1000026527,117
1000026528,50
1000026529,507
1000026530,90
1000026531,573
1000026532,888
1000026533,453
1000026534,847
1000026535,84
1000026536,145
1000026537,116
1000026538,246
1000026539,325
1000026540,370
1000026541,15
1000026542,353
1000026543,269
1000026544,243
1000026551,148
1000026552,245
1000026553,159
1000026554,99
1000026555,22
1000026556,11
1000026557,73
1000026558,50
1000026559,12
1000026560,100
1000026561,10
1000026562,42
1000026563,9
1000026564,27
1000026565,225
1000026566,15
1000026567,50
1000026568,22
1000026569,6
1000026570,34
1000026571,6
1000026572,31
1000026573,5
1000026574,6
1000026575,500
1000026576,80
1000026577,305
1000026578,110
1000026579,10
1000026580,30
1000026581,224
1000026582,166
1000026583,160
1000026584,170
1000026585,261
1000026586,54
1000026587,175
1000026588,74
1000026589,84
1000026590,60
1000026591,35
1000026592,492
1000026593,151
1000026594,60
1000026595,207
1000026596,202
1000026597,54
1000026598,420
1000026599,80
1000026600,86
1000026601,56
1000026602,408
1000026604,303
1000026605,451
1000026606,518
1000026607,352
1000026608,185
1000026609,119
1000026610,272
1000026611,97
1000026612,127
1000026613,64
1000026614,69
1000026615,671
1000026616,139
1000026617,495
1000026618,686
1000026619,516
1000026620,380
1000026621,994
1000026622,928
1000026623,280
1000026624,705
1000026625,544
1000026626,143
1000026628,326
1000026629,218
1000026630,24
1000026631,80
1000026632,18
1000026633,117
1000026634,927
1000026635,290
1000026636,126
1000026637,76
1000026638,144
1000026639,120
1000026640,126
1000026641,112
1000026642,82
1000026643,217
1000026644,132
1000026645,61
1000026646,55
1000026647,78
1000026648,60
1000026649,25
1000026650,86
1000026651,23
1000026652,42
1000026653,48
1000026654,497
1000026655,59
1000026656,38
1000026657,114
1000026658,293
1000026659,142
1000026660,30
1000026661,188
1000026663,156
1000026664,417
1000026665,234
1000026666,34
1000026667,265
1000026668,67
1000026669,59
1000026670,193
1000026671,118
1000026672,144
1000026673,669
1000026674,921
1000026675,362
1000026676,386
1000026677,60
1000026678,375
1000026679,263
1000026680,44
1000026681,163
1000026682,347
1000026683,95
1000026684,164
1000026685,160
1000026686,120
1000026687,100
1000026688,87
1000026689,119
1000026690,33
1000026691,6
1000026692,1200
1000026693,102
1000026694,809
1000026695,217
1000026696,630
1000026697,645
1000026698,175
1000026699,535
1000026700,170
1000026701,4
1000026702,278
1000026703,2
1000026704,20
1000026705,1
1000026706,5
1000026707,224
1000026708,500
1000026709,79
1000026710,60
1000026711,4
1000026712,130
1000026713,200
1000026714,112
1000026715,244
1000026716,64
1000026717,202
1000026718,746
1000026719,165
1000026720,247
1000026721,176
1000026722,579
1000026723,90
1000026724,117
1000026725,63
1000026726,7
1000026727,133
1000026728,60
1000026729,50
1000026730,110
1000026731,144
1000026732,47
1000026733,24
1000026734,87
1000026735,273
1000026736,673
1000026737,410
1000026738,250
1000026739,130
1000026740,96
1000026741,350
1000026742,95
1000026743,201
1000026744,16
1000026745,32
1000026746,20
1000026747,16
1000026748,884
1000026749,712
1000026750,468
1000026751,796
1000026752,546
1000026753,657
1000026754,392
1000026755,214
1000026756,178
1000026757,709
1000026758,60
1000026759,36
1000026760,199
1000026761,354
1000026762,620
1000026763,138
1000026764,24
1000026765,190
1000026766,244
1000026767,310
1000026768,193
1000026769,140
1000026770,190
1000026771,20
1000026772,160
1000026773,5
1000026774,8
1000026775,163
1000026776,80
1000026777,179
1000026778,20
1000026779,92
1000026780,101
1000026781,45
1000026782,40
1000026783,159
1000026784,98
1000026785,82
1000026786,145
1000026787,141
1000026788,39
1000026789,10
1000026790,97
1000026791,99
1000026792,150
1000026793,45
1000026794,12
1000026795,3
1000026796,303
1000026797,140
1000026798,283
1000026799,64
1000026800,350
1000026801,60
1000026802,31
1000026803,42
1000026804,112
1000026805,50
1000026806,36
1000026807,110
1000026808,55
1000026809,2
1000026810,32
1000026811,96
1000026812,22
1000026813,80
1000026814,40
1000026815,50
1000026816,20
1000026817,20
1000026818,24
1000026819,156
1000026820,445
1000026821,822
1000026822,203
1000026823,576
1000026824,332
1000026825,90
1000026826,246
1000026827,55
1000026828,98
1000026829,150
1000026830,104
1000026831,126
1000026832,10
1000026833,2
1000026834,381
1000026835,772
1000026836,1413
1000026837,353
1000026838,533
1000026839,120
1000026840,446
1000026841,163
1000026842,120
1000026843,100
1000026844,76
1000026845,69
1000026846,82
1000026847,14
1000026848,41
1000026849,311
1000026850,29
1000026851,453
1000026852,38
1000026853,50
1000026854,667
1000026855,57
1000026856,916
1000026857,551
1000026858,30
1000026859,270
1000026860,90
1000026861,500
1000026862,218
1000026863,386
1000026864,85
1000026865,360
1000026866,216
1000026867,114
1000026868,131
1000026869,273
1000026870,41
1000026871,10
1000026872,221
1000026873,3
1000026874,81
1000026875,25
1000026876,95
1000026877,40
1000026878,37
1000026879,15
1000026880,90
1000026881,90
1000026882,90
1000026883,12
1000026884,12
1000026885,37
1000026886,6
1000026887,3
1000026888,190
1000026889,392
1000026890,364
1000026891,119
1000026892,110
1000026893,141
1000026894,12
1000026895,12
1000026896,62
1000026897,110
1000026898,448
1000026899,704
1000026900,241
1000026901,205
1000026902,320
1000026903,1070
1000026904,214
1000026905,388
1000026906,343
1000026907,150
1000026908,150
1000026909,211
1000026910,87
1000026911,70
1000026912,93
1000026913,12
1000026914,80
1000026915,48
1000026916,20
1000026917,979
1000026918,915
1000026919,334
1000026920,392
1000026921,526
1000026922,44
1000026923,115
1000026924,92
1000026925,310
1000026926,79
1000026927,71
1000026928,36
1000026929,218
1000026930,66
1000026931,194
1000026932,10
1000026933,188
1000026934,16
1000026935,240
1000026936,49
1000026937,44
1000026938,20
1000026940,20
1000026941,20
1000026942,24
1000026943,90
1000026944,40
1000026945,103
1000026946,46
1000026947,3
1000026948,30
1000026949,2
1000026950,2
1000026951,14
1000026952,76
1000026953,92
1000026954,24
1000026955,12
1000026956,45
1000026957,32
1000026958,1
1000026959,85
1000026960,550
1000026961,29
1000026962,20
1000026963,3
1000026964,251
1000026965,33
1000026966,5
1000026967,272
1000026968,62
1000026969,120
1000026970,9
1000026971,606
1000026972,566
1000026973,986
1000026974,212
1000026975,552
1000026976,299
1000026977,180
1000026978,163
1000026979,565
1000026980,259
1000026981,198
1000026982,111
1000026983,183
1000026984,205
1000026985,186
1000026986,106
1000026987,85
1000026988,120
1000026989,105
1000026990,107
1000026991,69
1000026992,210
1000026993,140
1000026994,6
1000026995,90
1000026996,80
1000026997,73
1000026998,500
1000026999,83
1000027000,29
1000027001,40
1000027002,30
1000027003,50
1000027004,15
1000027005,54
1000027006,60
1000027007,2
1000027008,3
1000027009,476
1000027010,358
1000027011,353
1000027012,319
1000027013,388
1000027014,160
1000027015,156
1000027016,18
1000027017,127
1000027018,209
1000027019,169
1000027020,77
1000027021,6
1000027022,53
1000027023,54
1000027024,1
1000027025,42
1000027026,43
1000027027,128
1000027028,19
1000027029,36
1000027030,339
1000027033,328
1000027034,369
1000027035,84
1000027036,46
1000027037,50
1000027038,67
1000027039,71
1000027040,100
1000027041,34
1000027042,15
1000027043,828
1000027044,81
1000027045,433
1000027046,210
1000027047,120
1000027048,30
1000027049,2
1000027050,3
1000027051,5
1000027052,176
1000027053,76
1000027054,36
1000027055,41
1000027056,30
1000027057,225
1000027058,1
1000027059,3
1000027060,548
1000027063,125
1000027064,377
1000027065,100
1000027066,60
1000027067,690
1000027068,167
1000027069,332
1000027070,486
1000027071,179
1000027072,75
1000027073,8
1000027074,90
1000027075,112
1000027076,11
1000027077,399
1000027078,274
1000027079,48
1000027080,807
1000027081,359
1000027082,174
1000027083,72
1000027084,136
1000027085,218
1000027086,200
1000027087,9
1000027088,72
1000027089,65
1000027090,52
1000027091,80
1000027092,22
1000027093,33
1000027094,17
1000027095,10
1000027096,10
1000027097,12
1000027098,70
1000027099,3
1000027100,99
1000027101,107
1000027102,100
1000027103,3
1000027104,721
1000027105,75
1000027106,43
1000027107,32
1000027108,13
1000027109,88
1000027110,90
1000027111,92
1000027112,16
1000027113,1
1000027114,49
1000027115,55
1000027116,24
1000027117,10
1000027118,10
1000027119,130
1000027120,12
1000027121,9
1000027122,84
1000027123,318
1000027124,566
1000027125,155
1000027126,65
1000027127,218
1000027128,1080
1000027129,244
1000027130,513
1000027131,504
1000027132,162
1000027133,3
1000027134,5
1000027135,1368
1000027136,960
1000027137,428
1000027138,86
1000027139,130
1000027140,324
1000027141,188
1000027142,180
1000027143,38
1000027144,80
1000027145,5
1000027146,263
1000027147,139
1000027148,218
1000027149,112
1000027150,182
1000027151,432
1000027152,110
1000027153,72
1000027154,242
1000027155,374
1000027156,144
1000027157,123
1000027158,158
1000027159,89
1000027160,69
1000027161,19
1000027162,273
1000027163,441
1000027164,167
1000027165,2197
1000027166,707
1000027167,1384
1000027168,238
1000027169,498
1000027170,145
1000027171,187
1000027172,16
1000027173,109
1000027174,180
1000027175,120
1000027176,1940
1000027178,590
1000027179,147
1000027180,1134
1000027181,1512
1000027182,348
1000027183,812
1000027184,520
1000027185,237
1000027186,319
1000027187,434
1000027188,312
1000027189,453
1000027190,318
1000027191,343
1000027192,611
1000027193,440
1000027194,845
1000027195,441
1000027196,336
1000027197,758
1000027198,372
1000027199,132
1000027200,56
1000027201,1084
1000027203,1084
1000027204,720
1000027205,895
1000027206,560
1000027207,193
1000027208,323
1000027209,268
1000027210,88
1000027211,288
1000027212,181
1000027213,164
1000027214,676
1000027215,165
1000027216,590
1000027217,55
1000027218,672
1000027219,283
1000027220,59
1000027221,264
1000027222,170
1000027223,276
1000027224,420
1000027225,253
1000027226,293
1000027227,245
1000027228,113
1000027229,291
1000027230,193
1000027231,71
1000027232,62
1000027233,84
1000027234,264
1000027235,240
1000027236,166
1000027237,200
1000027238,54
1000027240,12
1000027241,1279
1000027242,1094
1000027243,437
1000027244,260
1000027245,3
1000027246,96
1000027247,187
1000027248,421
1000027249,900
1000027250,229
1000027251,716
1000027253,1440
1000027254,180
1000027255,90
1000027256,414
1000027257,142
1000027258,147
1000027259,270
1000027260,240
1000027261,228
1000027262,81
1000027263,110
1000027264,137
1000027265,90
1000027266,178
1000027267,22
1000027268,50
1000027269,112
1000027270,60
1000027271,1270
1000027272,79
1000027273,20
1000027274,2317
1000027275,501
1000027276,536
1000027280,574
1000027281,221
1000027282,114
1000027283,184
1000027284,245
1000027285,246
1000027286,110
1000027287,63
1000027288,379
1000027289,272
1000027290,613
1000027291,1221
1000027292,388
1000027293,1153
1000027294,1278
1000027295,846
1000027296,1012
1000027297,754
1000027298,1440
1000027299,606
1000027300,141
1000027301,149
1000027302,234
1000027304,186
1000027305,5
1000027306,133
1000027307,201
1000027308,90
1000027309,30
1000027310,112
1000027311,1
1000027312,123
1000027313,142
1000027314,36
1000027315,8
1000027316,20
1000027317,332
1000027318,306
1000027319,413
1000027320,555
1000027321,120
1000027322,483
1000027323,579
1000027324,823
1000027325,1380
1000027326,1677
1000027327,1332
1000027328,176
1000027329,60
1000027330,60
1000027331,80
1000027332,807
1000027333,515
1000027334,668
1000027335,329
1000027336,4
1000027337,273
1000027338,86
1000027339,40
1000027340,40
1000027341,630
1000027342,40
1000027343,72
1000027344,72
1000027345,4
1000027346,12
1000027347,400
1000027352,22
1000027353,42
1000027354,81
1000027355,52
1000027356,50
1000027357,69
1000027358,85
1000027359,10
1000027360,427
1000027361,1822
1000027362,972
1000027363,1500
1000027364,3000
1000027366,1955
1000027367,1830
1000027368,773
1000027369,211
1000027370,1293
1000027371,471
1000027372,392
1000027373,153
1000027374,298
1000027375,820
1000027376,253
1000027377,86
1000027378,202
1000027379,219
1000027380,190
1000027381,120
1000027382,90
1000027383,75
1000027384,65
1000027385,66
1000027386,71
1000027387,145
1000027388,214
1000027389,8
1000027390,328
1000027391,423
1000027392,115
1000027393,1680
1000027394,1204
1000027395,279
1000027396,362
1000027397,280
1000027398,216
1000027399,160
1000027400,75
1000027401,45
1000027402,20
1000027403,50
1000027404,4635
1000027405,3600
1000027406,2400
1000027407,1686
1000027408,571
1000027409,322
1000027410,786
1000027411,258
1000027412,306
1000027413,306
1000027414,116
1000027415,104
1000027416,86
1000027417,53
1000027418,48
1000027419,2490
1000027420,72
1000027421,137
1000027422,480
1000027423,640
1000027424,543
1000027425,310
1000027426,118
1000027427,73
1000027428,78
1000027429,108
1000027430,44
1000027431,15
1000027432,133
1000027433,125
1000027434,1092
1000027435,140
1000027436,570
1000027437,1175
1000027438,289
1000027439,379
1000027440,694
1000027441,628
1000027442,291
1000027443,234
1000027444,204
1000027445,164
1000027446,111
1000027447,164
1000027448,122
1000027449,110
1000027450,100
1000027451,60
1000027452,205
1000027453,125
1000027454,8
1000027455,300
1000027456,1265
1000027457,910
1000027458,1476
1000027459,1154
1000027460,1148
1000027461,210
1000027462,830
1000027463,482
1000027464,423
1000027465,12
1000027466,1595
1000027467,1028
1000027468,444
1000027469,300
1000027470,400
1000027471,980
1000027472,282
1000027473,202
1000027474,111
1000027475,78
1000027476,204
1000027477,466
1000027478,348
1000027479,132
1000027480,227
1000027481,201
1000027482,728
1000027483,102
1000027484,212
1000027485,271
1000027486,232
1000027487,132
1000027488,230
1000027489,269
1000027491,208
1000027492,150
1000027493,264
1000027494,60
1000027495,846
1000027496,324
1000027497,213
1000027498,135
1000027499,419
1000027500,345
1000027501,74
1000027502,235
1000027503,103
1000027504,58
1000027505,68
1000027506,50
1000027507,496
1000027508,281
1000027509,1454
1000027510,351
1000027511,415
1000027512,204
1000027513,470
1000027514,260
1000027515,224
1000027516,643
1000027517,416
1000027518,479
1000027519,86
1000027520,222
1000027521,95
1000027522,300
1000027535,128
1000027536,48
1000027537,91
1000027538,288
1000027539,139
1000027540,88
1000027541,434
1000027542,12
1000027543,160
1000027544,55
1000027545,90
1000028001,50
1000028002,72
1000028003,402
1000028004,15
1000028005,251
1000028006,239
1000028007,176
1000028008,207
1000028009,85
1000028010,320
1000028011,316
1000028012,212
1000028013,24
1000028014,148
1000028016,254
1000028017,211
1000028018,100
1000028019,230
1000028020,613
1000028021,161
1000028022,54
1000028023,192
1000028024,48
1000028025,66
1000028026,105
1000028027,66
1000028028,634
1000028029,1329
1000028030,239
1000028031,329
1000028032,598
1000028033,724
1000028034,541
1000028035,308
1000028036,107
1000028037,420
1000028038,242
1000028039,126
1000028040,51
1000028041,114
1000028042,72
1000028043,64
1000028044,102
1000028045,64
1000028046,4
1000028047,19
1000028048,70
1000028049,63
1000028050,12
1000028051,12
1000028052,9
1000028053,792
1000028054,320
1000028055,488
1000028056,338
1000028057,222
1000028058,404
1000028059,219
1000028060,174
1000028061,17
1000028062,344
1000028063,68
1000028064,46
1000028065,30
1000028066,6
1000028067,30
1000028068,1
1000028069,209
1000028071,120
1000028072,1681
1000028073,122
1000028074,42
1000028075,173
1000028076,130
1000028077,975
1000028079,675
1000028080,343
1000028081,328
1000028082,368
1000028083,485
1000028084,99
1000028085,144
1000028086,25
1000028087,90
1000028088,111
1000028089,118
1000028090,120
1000028091,106
1000028092,35
1000028093,123
1000028094,575
1000028095,570
1000028096,496
1000028097,369
1000028098,233
1000028099,92
1000028100,61
1000028101,10
1000028105,180
1000028106,177
1000028107,90
1000028108,314
1000028109,371
1000028110,951
1000028111,424
1000028112,579
1000028113,111
1000028114,387
1000028115,471
1000028116,574
1000028117,186
1000028118,366
1000028119,188
1000028120,164
1000028121,105
1000028122,290
1000028123,322
1000028124,600
1000028125,98
1000028126,226
1000028127,282
1000028128,418
1000028129,60
1000028130,42
1000028131,997
1000028132,521
1000028133,748
1000028134,180
1000028135,511
1000028136,346
1000028137,204
1000028138,262
1000028139,320
1000028140,98
1000028141,29
1000028142,110
1000028143,70
1000028144,5
1000028145,60
1000028147,369
1000028148,233
1000028149,92
1000028150,35
1000028151,10
1000028152,496
1000028153,99
1000028154,485
1000028155,61
1000028156,292
1000028157,143
1000028158,165
1000028159,65
1000028160,160
1000028161,106
1000028162,80
1000028163,16
1000028164,12
1000028165,1720
1000028166,2280
1000028167,904
1000028168,840
1000028169,208
1000028170,565
1000028171,28
1000028172,42
1000028173,530
1000028174,397
1000028175,252
1000028176,213
1000028177,128
1000028178,580
1000028179,415
1000028180,438
1000028181,157
1000028182,224
1000028183,133
1000028184,104
1000028185,45
1000028186,90
1000028187,16
1000028188,84
1000028189,90
1000028190,204
1000028191,102
1000028192,7
1000028193,72
1000028194,30
1000028195,36
1000028196,235
1000028197,132
1000028198,145
1000028199,44
1000028200,134
1000028201,135
1000028202,190
1000028203,166
1000028204,92
1000028205,44
1000028207,38
1000028208,84
1000028209,70
1000028210,1970
1000028211,1080
1000028212,850
1000028213,771
1000028214,183
1000028215,272
1000028216,248
1000028217,345
1000028218,185
1000028219,129
1000028220,180
1000028221,129
1000028222,60
1000028223,70
1000028224,30
1000028225,56
1000028226,103
1000028227,1854
1000028228,1500
1000028229,510
1000028230,100
1000028231,215
1000028232,250
1000028233,237
1000028234,643
1000028235,482
1000028236,287
1000028237,165
1000028238,239
1000028239,195
1000028240,196
1000028241,321
1000028242,8
1000028243,150
1000028244,35
1000028245,50
1000028246,9
1000028247,100
1000028248,272
1000028249,114
1000028250,50
1000028251,10
1000028252,149
1000028253,288
1000028254,404
1000028255,274
1000028256,15
1000028257,103
1000028258,1
1000028259,352
1000028260,27
1000028261,148
1000028262,228
1000028263,378
1000028264,170
1000028265,294
1000028266,181
1000028267,152
1000028268,1333
1000028269,1506
1000028270,1501
1000028271,522
1000028272,800
1000028273,120
1000028274,157
1000028275,109
1000028276,69
1000028277,42
1000028278,20
1000028279,20
1000028280,2
1000028281,145
1000028282,2855
1000028283,1200
1000028284,231
1000028285,205
1000028286,21
1000028287,64
1000028288,885
1000028289,527
1000028290,761
1000028291,555
1000028292,408
1000028293,348
1000028294,276
1000028295,128
1000028296,119
1000028297,25
1000028298,80
1000028299,94
1000028300,96
1000028301,735
1000028302,1756
1000028303,1403
1000028304,624
1000028305,1114
1000028306,133
1000028307,382
1000028308,305
1000028309,360
1000028310,198
1000028311,310
1000028312,54
1000028313,29
1000028314,13400
1000028315,7518
1000028316,1800
1000028317,528
1000028318,239
1000028319,130
1000028320,150
1000028321,127
1000028322,110
1000028323,56
1000028324,120
1000028325,22
1000028326,110
1000028327,15
1000028328,135
1000028329,611
1000028330,392
1000028331,728
1000028332,186
1000028333,487
1000028334,336
1000028335,74
1000028336,348
1000028337,290
1000028338,259
1000028339,248
1000028340,246
1000028341,210
1000028342,198
1000028343,126
1000028344,150
1000028345,136
1000028346,71
1000028347,1
1000028348,24
1000028349,92
1000028350,1035
1000028351,390
1000028352,500
1000028353,290
1000028354,434
1000028355,220
1000028356,233
1000028357,132
1000028358,163
1000028359,128
1000028360,126
1000028361,92
1000028362,75
1000028363,46
1000028364,1
1000028365,60
1000028366,1150
1000028367,214
1000028368,210
1000028369,159
1000028370,60
1000028371,47
1000028372,1598
1000028373,359
1000028374,8
1000028375,20
1000028376,669
1000028377,647
1000028378,316
1000028379,394
1000028380,94
1000028381,107
1000028382,129
1000028383,491
1000028384,1054
1000028385,471
1000028386,485
1000028387,2
1000028388,232
1000028389,539
1000028390,320
1000028391,559
1000028392,163
1000028393,410
1000028394,300
1000028395,120
1000028396,24
1000028397,522
1000028398,188
1000028399,215
1000028400,168
1000028401,32
1000028402,380
1000028403,259
1000028404,122
1000028405,240
1000028406,360
1000028407,197
1000028408,146
1000028409,29
1000028410,145
1000028411,89
1000028412,12
1000028413,72
1000028414,3
1000028415,74
1000028416,30
1000028417,71
1000028418,30
1000028419,406
1000028420,5
1000028421,37
1000028422,40
1000028423,20
1000028425,175
1000028426,145
1000028427,139
1000028428,139
1000028429,49
1000028430,90
1000028431,40
1000028432,40
1000028433,20
1000028434,58
1000028435,8
1000028436,75
1000028437,120
1000028438,329
1000028439,120
1000028440,501
1000028441,253
1000028442,558
1000028443,62
1000028444,52
1000028445,246
1000028446,140
1000028447,59
1000028448,114
1000028449,166
1000028450,113
1000028451,111
1000028452,73
1000028453,36
1000028454,170
1000028455,209
1000028456,101
1000028457,29
1000028458,20
1000028459,120
1000028460,93
1000028461,779
1000028462,716
1000028463,600
1000028464,300
1000028465,163
1000028466,157
1000028467,177
1000028468,40
1000028469,36
1000028470,30
1000028471,25
1000028472,947
1000028473,437
1000028474,530
1000028475,274
1000028476,168
1000028477,197
1000028478,166
1000028479,142
1000028480,20
1000028481,6
1000028482,16
1000028483,15
1000028484,72
1000028485,123
1000028486,26
1000028487,24
1000028488,36
1000028489,5
1000028490,10
1000028491,139
1000028492,685
1000028493,345
1000028494,138
1000028495,201
1000028496,47
1000028497,127
1000028498,51
1000028499,84
1000028500,67
1000028501,187
1000028502,30
1000028503,360
1000028504,118
1000028505,104
1000028506,42
1000028507,75
1000028508,211
1000028509,1474
1000028510,581
1000028511,1251
1000028512,260
1000028513,81
1000028514,204
1000028515,295
1000028516,116
1000028517,116
1000028518,20
1000028519,108
1000028520,74
1000028521,444
1000028522,822
1000028523,472
1000028524,504
1000028525,523
1000028526,235
1000028527,83
1000028528,85
1000028529,270
1000028530,132
1000028531,15
1000028532,20
1000028533,14
1000028534,6
1000028535,1602
1000028536,1517
1000028537,234
1000028538,92
1000028539,234
1000028540,30
1000028541,62
1000028542,48
1000028543,46
1000028544,70
1000028545,90
1000028546,123
1000028547,66
1000028548,60
1000028549,144
1000028550,108
1000028551,48
1000028552,196
1000028553,648
1000028554,585
1000028555,1391
1000028556,1130
1000028557,1525
1000028558,371
1000028559,306
1000028560,30
1000028561,74
1000028562,26
1000028563,48
1000028564,51
1000028565,71
1000028566,81
1000028567,83
1000028568,60
1000028569,80
1000028570,51
1000028571,18
1000028572,60
1000028573,251
1000028574,965
1000028575,412
1000028576,171
1000028577,435
1000028578,109
1000028579,146
1000028580,24
1000028581,94
1000028582,16
1000028583,340
1000028584,40
1000028585,633
1000028586,297
1000028587,354
1000028588,469
1000028589,620
1000028590,354
1000028591,116
1000028592,743
1000028593,789
1000028594,360
1000028595,602
1000028596,84
1000028597,74
1000028598,207
1000028599,290
1000028600,210
1000028601,192
1000028602,114
1000028603,74
1000028604,45
1000028605,124
1000028606,71
1000028607,150
1000028608,150
1000028609,200
1000028610,141
1000028611,162
1000028612,100
1000028613,317
1000028614,250
1000028615,200
1000028616,30
1000028617,30
1000028618,16
1000028619,2
1000028620,12
1000028621,24
1000028622,4
1000028623,12
1000028624,6
1000028625,4
1000028626,4
1000028628,95
1000028629,122
1000028630,582
1000028631,422
1000028632,236
1000028633,1177
1000028634,1704
1000028635,685
1000028636,392
1000028637,19
1000028638,368
1000028639,313
1000028640,54
1000028641,49
1000028642,98
1000028643,60
1000028644,53
1000028645,104
1000028646,30
1000028647,30
1000028648,634
1000028649,818
1000028650,1570
1000028651,642
1000028652,80
1000028653,20
1000028654,24
1000028655,22
1000028656,989
1000028657,1165
1000028658,1408
1000028659,992
1000028660,1423
1000028661,978
1000028662,606
1000028663,300
1000028664,124
1000028665,101
1000028666,742
1000028667,338
1000028668,738
1000028669,141
1000028670,248
1000028671,110
1000028672,175
1000028673,207
1000028674,167
1000028675,165
1000028676,174
1000028677,216
1000028678,427
1000028679,717
1000028680,2130
1000028681,267
1000028682,107
1000028683,166
1000028684,475
1000028685,425
1000028686,225
1000028687,1537
1000028688,214
1000028689,801
1000028690,271
1000028691,732
1000028692,44
1000028693,723
1000028694,325
1000028695,341
1000028696,166
1000028697,266
1000028698,408
1000028699,102
1000028700,156
1000028701,44
1000028702,300
1000028703,376
1000028704,1130
1000028705,386
1000028706,214
1000028707,246
1000028708,81
1000028709,165
1000028710,29
1000028711,70
1000028712,168
1000028714,20
1000028715,52
1000028716,352
1000028717,2808
1000028718,2340
1000028719,944
1000028720,223
1000028721,569
1000028722,930
1000028723,122
1000028724,1073
1000028725,169
1000028726,702
1000028727,54
1000028728,224
1000028729,181
1000028730,210
1000028731,72
1000028732,559
1000028733,421
1000028734,193
1000028735,10
1000028736,919
1000028737,166
1000028738,210
1000028739,537
1000028740,420
1000028741,309
1000028742,600
1000028743,60
1000028744,548
1000028745,287
1000028746,528
1000028747,1199
1000028748,314
1000028749,839
1000028750,36
1000028751,454
1000028752,196
1000028753,524
1000028754,471
1000028755,20
1000028756,462
1000028757,736
1000028758,891
1000028759,247
1000028760,110
1000028761,409
1000028762,524
1000028763,151
1000028764,222
1000028765,716
1000028766,230
1000028767,301
1000028768,720
1000028769,267
1000028770,221
1000028771,156
1000028772,378
1000028773,76
1000028774,117
1000028775,102
1000028776,100
1000028777,42
1000028778,147
1000028779,179
1000028780,50
1000028781,243
1000028782,147
1000028783,150
1000028784,184
1000028785,167
1000028786,152
1000028787,12
1000028788,76
1000028789,56
1000028790,106
1000028791,23
1000028792,19
1000028793,78
1000028794,210
1000028795,84
1000028796,74
1000028797,130
1000028798,99
1000028799,41
1000028800,180
1000028801,62
1000028802,156
1000028804,177
1000028805,103
1000028806,113
1000028807,111
1000028808,93
1000028809,9
1000028810,66
1000028811,155
1000028812,120
1000028813,63
1000028814,181
1000028815,159
1000028816,137
1000028817,2400
1000028818,10
1000028819,123
1000028820,290
1000028821,269
1000028822,494
1000028823,180
1000028824,390
1000028825,181
1000028826,100
1000028827,76
1000028828,4
1000028829,28
1000028830,75
1000028831,151
1000028832,265
1000028833,514
1000028834,342
1000028835,150
1000028836,118
1000028837,51
1000028838,288
1000028839,41
1000028840,92
1000028841,54
1000028842,27
1000028843,45
1000028844,1115
1000028845,759
1000028846,469
1000028847,230
1000028848,44
1000028849,110
1000028850,10
1000028851,30
1000028852,220
1000028853,50
1000028854,43
1000028855,6
1000028856,24
1000028857,76
1000028858,9
1000028859,30
1000028860,168
1000028861,190
1000028862,170
1000028863,151
1000028864,30
1000028865,90
1000028866,16
1000028867,10
1000028868,4
1000028869,7
1000028870,4
1000028871,60
1000028872,3
1000028873,2
1000028874,28
1000028875,24
1000028876,30
1000028877,12
1000028878,255
1000028879,1814
1000028880,236
1000028881,80
1000028882,70
1000028883,67
1000028884,88
1000028885,40
1000028886,328
1000028887,191
1000028888,100
1000028889,20
1000028890,993
1000028891,527
1000028892,451
1000028893,27
1000028894,152
1000028895,154
1000028896,95
1000028897,104
1000028898,63
1000028899,89
1000028900,38
1000028901,24
1000028902,6
1000028903,12
1000028904,12
1000028905,12
1000028906,12
1000028907,12
1000028908,12
1000028909,490
1000028910,170
1000028911,1307
1000028912,108
1000028913,240
1000028914,255
1000028915,192
1000028916,330
1000028917,343
1000028918,86
1000028919,61
1000028920,100
1000028921,48
1000028922,52
1000028923,50
1000028924,756
1000028925,998
1000028926,684
1000028927,121
1000028928,150
1000028929,89
1000028930,95
1000028931,94
1000028932,60
1000028933,605
1000028934,331
1000028935,368
1000028936,242
1000028937,226
1000028938,40
1000028939,66
1000028940,36
1000028941,8
1000028942,73
1000028943,41
1000028944,114
1000028945,44
1000028946,6
1000028947,107
1000028948,100
1000028949,40
1000028950,41
1000028951,150
1000028952,72
1000028953,156
1000028954,168
1000028955,185
1000028956,181
1000028957,260
1000028958,182
1000028959,206
1000028960,51
1000028961,125
1000028962,264
1000028963,280
1000028964,215
1000028965,105
1000028966,75
1000028967,454
1000028968,1
1000028969,894
1000028970,517
1000028971,1030
1000028972,1595
1000028973,8
1000028974,84
1000028975,1198
1000028976,1807
1000028977,906
1000028978,46
1000028979,130
1000028980,5
1000028981,326
1000028982,32
1000028983,561
1000028984,143
1000028985,352
1000028986,13
1000028987,382
1000028988,126
1000028989,149
1000028990,93
1000028991,90
1000028992,18
1000028998,200
1000028999,617
1000029000,224
1000029001,131
1000029002,44
1000029003,39
1000029004,105
1000029005,60
1000029006,200
1000029007,200
1000029008,92
1000029009,55
1000029010,36
1000029011,127
1000029012,330
1000029013,30
1000029014,680
1000029015,1269
1000029016,201
1000029017,301
1000029018,315
1000029019,239
1000029020,80
1000029021,6
1000029022,100
1000029024,79
1000029025,83
1000029026,41
1000029027,47
1000029028,39
1000029029,64
1000029033,21
1000029034,96
1000029035,60
1000029036,77
1000029037,4
1000029038,7
1000029039,11
1000029040,2618
1000029041,7214
1000029042,19738
1000029043,1389
1000029044,159
1000029045,385
1000029046,183
1000029047,111
1000029048,10
1000029049,10
1000029050,80
1000029051,6
1000029052,45
1000029053,925
1000029054,350
1000029055,210
1000029056,109
1000029057,502
1000029058,104
1000029059,296
1000029060,251
1000029061,290
1000029062,804
1000029063,20
1000029064,450
1000029065,15
1000029066,476
1000029067,641
1000029068,430
1000029069,471
1000029070,226
1000029071,2
1000029072,424
1000029073,140
1000029074,132
1000029075,218
1000029076,120
1000029077,315
1000029078,436
1000029079,308
1000029080,255
1000029081,220
1000029082,180
1000029083,180
1000029084,48
1000029085,80
1000029086,323
1000029087,120
1000029088,104
1000029089,100
1000029090,80
1000029091,48
1000029092,118
1000029093,90
1000029094,25
1000029095,80
1000029096,180
1000029097,140
1000029098,32
1000029099,80
1000029100,73
1000029101,16
1000029102,40
1000029103,55
1000029104,250
1000029105,12
1000029106,378
1000029107,254
1000029108,1147
1000029109,2555
1000029110,182
1000029111,55
1000029112,56
1000029113,40
1000029114,40
1000029115,60
1000029116,20
1000029117,30
1000029118,20
1000029119,20
1000029120,609
1000029121,4
1000029122,132
1000029123,60
1000029124,60
1000029125,78
1000029126,2474
1000029127,7298
1000029128,19702
1000029129,1485
1000029130,175
1000029131,486
1000029132,753
1000029133,69
1000029134,162
1000029135,121
1000029136,168
1000029137,138
1000029138,117
1000029139,28
1000029140,34
1000029141,211
1000029142,340
1000029143,449
1000029144,87
1000029145,121
1000029146,34
1000029147,20
1000029148,96
1000029149,46
1000029150,70
1000029151,135
1000029152,105
1000029153,152
1000029154,414
1000029155,307
1000029156,113
1000029157,362
1000029158,136
1000029159,83
1000029160,12
1000029161,402
1000029162,1128
1000029163,1660
1000029164,655
1000029165,83
1000029166,411
1000029167,182
1000029168,81
1000029169,138
1000029170,177
1000029171,146
1000029172,36
1000029173,60
1000029174,190
1000029175,112
1000029176,15
1000029177,124
1000029178,79
1000029179,44
1000029180,344
1000029181,50
1000029182,989
1000029183,832
1000029184,399
1000029185,362
1000029186,416
1000029187,638
1000029188,245
1000029189,313
1000029190,106
1000029191,184
1000029192,149
1000029193,317
1000029194,279
1000029195,229
1000029196,192
1000029197,240
1000029198,75
1000029199,84
1000029200,67
1000029201,192
1000029202,47
1000029203,1281
1000029204,1681
1000029205,469
1000029206,225
1000029207,208
1000029208,8
1000029209,509
1000029210,234
1000029212,55
1000029213,18
1000029214,160
1000029215,47
1000029216,96
1000029217,20
1000029218,738
1000029219,503
1000029220,582
1000029221,69
1000029222,58
1000029223,130
1000029224,56
1000029225,32
1000029226,19
1000029227,18
1000029228,360
1000029229,129
1000029230,499
1000029231,82
1000029232,187
1000029233,40
1000029234,20
